Workbook

Sheet Player Cards
A1: ='Ranks for Cards and Graph'!A1 -> Player | C1: ='Ranks for Cards and Graph'!B1 -> Generation | D1: ='Ranks for Cards and Graph'!C1 -> % Rank FF/60 | E1: ='Ranks for Cards and Graph'!D1 -> % Rank HDCF/60 | F1: ='Ranks for Cards and Graph'!E1 -> % Rank GF/60 | G1: ='Ranks for Cards and Graph'!F1 -> % Rank xGF/60 | H1: ='Ranks for Cards and Graph'!G1 -> Production | I1: ='Ranks for Cards and Graph'!H1 -> % Rank Goals/60 | J1: ='Ranks for Cards and Graph'!I1 -> % Rank Assists/60 | ... AV1: ='Ranks for Cards and Graph'!AU1 -> % Rank Penalties Drawn/60
A2: Connor McDavid | B2: =INDEX('Ranks for Cards and Graph'!A:A,MATCH('Player Cards'!$A2,'Ranks for Cards and Graph'!$A:$A,0)) -> Connor McDavid | C2: =INDEX('Ranks for Cards and Graph'!B:B,MATCH('Player Cards'!$A2,'Ranks for Cards and Graph'!$A:$A,0)) -> 0 | D2: =INDEX('Ranks for Cards and Graph'!C:C,MATCH('Player Cards'!$A2,'Ranks for Cards and Graph'!$A:$A,0)) -> 0.89519651 | E2: =INDEX('Ranks for Cards and Graph'!D:D,MATCH('Player Cards'!$A2,'Ranks for Cards and Graph'!$A:$A,0)) -> 0.96724891 | F2: =INDEX('Ranks for Cards and Graph'!E:E,MATCH('Player Cards'!$A2,'Ranks for Cards and Graph'!$A:$A,0)) -> 0.91484716 | G2: =INDEX('Ranks for Cards and Graph'!F:F,MATCH('Player Cards'!$A2,'Ranks for Cards and Graph'!$A:$A,0)) -> 0.9650655 | H2: =INDEX('Ranks for Cards and Graph'!G:G,MATCH('Player Cards'!$A2,'Ranks for Cards and Graph'!$A:$A,0)) -> 0 | I2: =INDEX('Ranks for Cards and Graph'!H:H,MATCH('Player Cards'!$A2,'Ranks for Cards and Graph'!$A:$A,0)) -> 0.98908297 | J2: =INDEX('Ranks for Cards and Graph'!I:I,MATCH('Player Cards'!$A2,'Ranks for Cards and Graph'!$A:$A,0)) -> 0.76200873 | K2: =INDEX('Ranks for Cards and Graph'!J:J,MATCH('Player Cards'!$A2,'Ranks for Cards and Graph'!$A:$A,0)) -> 0.88209607 | L2: =INDEX('Ranks for Cards and Graph'!K:K,MATCH('Player Cards'!$A2,'Ranks for Cards and Graph'!$A:$A,0)) -> 0.95851528 | M2: =INDEX('Ranks for Cards and Graph'!L:L,MATCH('Player Cards'!$A2,'Ranks for Cards and Graph'!$A:$A,0)) -> 0 | N2: =INDEX('Ranks for Cards and Graph'!M:M,MATCH('Player Cards'!$A2,'Ranks for Cards and Graph'!$A:$A,0)) -> 0.47379913 | O2: =INDEX('Ranks for Cards and Graph'!N:N,MATCH('Player Cards'!$A2,'Ranks for Cards and Graph'!$A:$A,0)) -> 0.78820961 | P2: =INDEX('Ranks for Cards and Graph'!O:O,MATCH('Player Cards'!$A2,'Ranks for Cards and Graph'!$A:$A,0)) -> 0.31004367 | Q2: =INDEX('Ranks for Cards and Graph'!P:P,MATCH('Player Cards'!$A2,'Ranks for Cards and Graph'!$A:$A,0)) -> 0.56113537 | R2: =INDEX('Ranks for Cards and Graph'!Q:Q,MATCH('Player Cards'!$A2,'Ranks for Cards and Graph'!$A:$A,0)) -> 0 | S2: =INDEX('Ranks for Cards and Graph'!R:R,MATCH('Player Cards'!$A2,'Ranks for Cards and Graph'!$A:$A,0)) -> 0.94759825 | T2: =INDEX('Ranks for Cards and Graph'!S:S,MATCH('Player Cards'!$A2,'Ranks for Cards and Graph'!$A:$A,0)) -> 0.97161572 | U2: =INDEX('Ranks for Cards and Graph'!T:T,MATCH('Player Cards'!$A2,'Ranks for Cards and Graph'!$A:$A,0)) -> 0.85152838 | V2: =INDEX('Ranks for Cards and Graph'!U:U,MATCH('Player Cards'!$A2,'Ranks for Cards and Graph'!$A:$A,0)) -> 0.96724891 | W2: =INDEX('Ranks for Cards and Graph'!V:V,MATCH('Player Cards'!$A2,'Ranks for Cards and Graph'!$A:$A,0)) -> 0 | X2: =INDEX('Ranks for Cards and Graph'!W:W,MATCH('Player Cards'!$A2,'Ranks for Cards and Graph'!$A:$A,0)) -> 0.24017467 | Y2: =INDEX('Ranks for Cards and Graph'!X:X,MATCH('Player Cards'!$A2,'Ranks for Cards and Graph'!$A:$A,0)) -> 0.52183406 | Z2: =INDEX('Ranks for Cards and Graph'!Y:Y,MATCH('Player Cards'!$A2,'Ranks for Cards and Graph'!$A:$A,0)) -> 0.18995633 | AA2: =INDEX('Ranks for Cards and Graph'!Z:Z,MATCH('Player Cards'!$A2,'Ranks for Cards and Graph'!$A:$A,0)) -> 0.41921397 | AB2: =INDEX('Ranks for Cards and Graph'!AA:AA,MATCH('Player Cards'!$A2,'Ranks for Cards and Graph'!$A:$A,0)) -> 0 | AC2: =INDEX('Ranks for Cards and Graph'!AB:AB,MATCH('Player Cards'!$A2,'Ranks for Cards and Graph'!$A:$A,0)) -> 0.99563319 | AD2: =INDEX('Ranks for Cards and Graph'!AC:AC,MATCH('Player Cards'!$A2,'Ranks for Cards and Graph'!$A:$A,0)) -> 0.84716157 | AE2: =INDEX('Ranks for Cards and Graph'!AD:AD,MATCH('Player Cards'!$A2,'Ranks for Cards and Graph'!$A:$A,0)) -> 0.77292576 | AF2: =INDEX('Ranks for Cards and Graph'!AE:AE,MATCH('Player Cards'!$A2,'Ranks for Cards and Graph'!$A:$A,0)) -> 0.59388646 | AG2: =INDEX('Ranks for Cards and Graph'!AF:AF,MATCH('Player Cards'!$A2,'Ranks for Cards and Graph'!$A:$A,0)) -> 0 | AH2: =INDEX('Ranks for Cards and Graph'!AG:AG,MATCH('Player Cards'!$A2,'Ranks for Cards and Graph'!$A:$A,0)) -> 0.81877729 | AI2: =INDEX('Ranks for Cards and Graph'!AH:AH,MATCH('Player Cards'!$A2,'Ranks for Cards and Graph'!$A:$A,0)) -> 0.96724891 | AJ2: =INDEX('Ranks for Cards and Graph'!AI:AI,MATCH('Player Cards'!$A2,'Ranks for Cards and Graph'!$A:$A,0)) -> 0.71179039 | AK2: =INDEX('Ranks for Cards and Graph'!AJ:AJ,MATCH('Player Cards'!$A2,'Ranks for Cards and Graph'!$A:$A,0)) -> 0.93668122 | AL2: =INDEX('Ranks for Cards and Graph'!AK:AK,MATCH('Player Cards'!$A2,'Ranks for Cards and Graph'!$A:$A,0)) -> 0 | AM2: =INDEX('Ranks for Cards and Graph'!AL:AL,MATCH('Player Cards'!$A2,'Ranks for Cards and Graph'!$A:$A,0)) -> 0.95414847 | AN2: =INDEX('Ranks for Cards and Graph'!AM:AM,MATCH('Player Cards'!$A2,'Ranks for Cards and Graph'!$A:$A,0)) -> 0 | AO2: =INDEX('Ranks for Cards and Graph'!AN:AN,MATCH('Player Cards'!$A2,'Ranks for Cards and Graph'!$A:$A,0)) -> EDM | AP2: =INDEX('Ranks for Cards and Graph'!AO:AO,MATCH('Player Cards'!$A2,'Ranks for Cards and Graph'!$A:$A,0)) -> 82 | AQ2: =INDEX('Ranks for Cards and Graph'!AP:AP,MATCH('Player Cards'!$A2,'Ranks for Cards and Graph'!$A:$A,0)) -> 0.99198397 | AR2: =INDEX('Ranks for Cards and Graph'!AQ:AQ,MATCH('Player Cards'!$A2,'Ranks for Cards and Graph'!$A:$A,0)) -> 5 | AS2: =INDEX('Ranks for Cards and Graph'!AR:AR,MATCH('Player Cards'!$A2,'Ranks for Cards and Graph'!$A:$A,0)) -> 0 | AT2: =INDEX('Ranks for Cards and Graph'!AS:AS,MATCH('Player Cards'!$A2,'Ranks for Cards and Graph'!$A:$A,0)) -> 0 | AU2: =INDEX('Ranks for Cards and Graph'!AT:AT,MATCH('Player Cards'!$A2,'Ranks for Cards and Graph'!$A:$A,0)) -> 0.5349345 | AV2: =INDEX('Ranks for Cards and Graph'!AU:AU,MATCH('Player Cards'!$A2,'Ranks for Cards and Graph'!$A:$A,0)) -> 0.86681223 | AW2: =INDEX('Ranks for Cards and Graph'!AV:AV,MATCH('Player Cards'!$A2,'Ranks for Cards and Graph'!$A:$A,0)) -> 0 | AY2: =IF(AQ2>=0.9,"Elite",IF(AQ2>=0.79,"Great",IF(AQ2>=0.58,"Good",IF(AQ2>=0.42,"Average",IF(AQ2>=0.3,"Below Average","Replacement Level"))))) -> Elite
L5: @NextLevelStat
L6: Games | M6: =A2 -> Connor McDavid | P6: =AQ2 -> 0.99198397 | R6: Results
L7: =AP2 -> 82 | M7: =AO2 -> EDM | P7: Impact Score | R7: =AY2 -> Elite
M9: Production | N9: =I2 -> 0.98908297 | O9: =J2 -> 0.76200873 | P9: =K2 -> 0.88209607 | Q9: =L2 -> 0.95851528
N10: Goals | O10: Assists | P10: First Assists | Q10: Points
M12: Offense | N12: =D2 -> 0.89519651 | O12: =G2 -> 0.9650655 | P12: =S2 -> 0.94759825 | Q12: =V2 -> 0.96724891
N13: FF | O13: xGF | P13: Rel FF | Q13: Rel xGF
M15: Defense | N15: =N2 -> 0.47379913 | O15: =Q2 -> 0.56113537 | P15: =X2 -> 0.24017467 | Q15: =AA2 -> 0.41921397
N16: FA | O16: xGA | P16: Rel FA | Q16: Rel xGA
M18: League Rank | N18: =AH2 -> 0.81877729 | O18: =AK2 -> 0.93668122 | P18: =AU2 -> 0.5349345 | Q18: =AV2 -> 0.86681223
N19: FF% | O19: xGF% | P19: Clean Play | Q19: Pen Drawn
M21: Context | N21: =AC2 -> 0.99563319 | O21: =AD2 -> 0.84716157 | P21: =AE2 -> 0.77292576 | Q21: =AF2 -> 0.59388646
N22: TOI | O22: O-Zone Starts | P22: Shot Luck | Q22: PDO
M24: 2022-23 Season | Raw Data from NaturalStatTrick | Percentile Rank / Minute
D31: Last Update: | N31: 44727

Sheet Goalie Card
A1: ='G Ranks'!A1 -> Player | C1: ='G Ranks'!B1 -> Team | D1: ='G Ranks'!C1 -> GP | E1: ='G Ranks'!D1 -> xGA/60 | F1: ='G Ranks'!E1 -> GA/60 | G1: ='G Ranks'!F1 -> 0 | H1: ='G Ranks'!G1 -> #VALUE! | I1: ='G Ranks'!H1 -> #VALUE! | J1: ='G Ranks'!I1 -> #VALUE! | ... R1: ='G Ranks'!Q1 -> #VALUE!
A2: Jack Campbell | B2: =INDEX('G Ranks'!A:A,MATCH('Goalie Card'!$A2,'G Ranks'!$A:$A,0)) -> Jack Campbell | C2: =INDEX('G Ranks'!B:B,MATCH('Goalie Card'!$A2,'G Ranks'!$A:$A,0)) -> EDM | D2: =INDEX('G Ranks'!C:C,MATCH('Goalie Card'!$A2,'G Ranks'!$A:$A,0)) -> 36 | E2: =INDEX('G Ranks'!D:D,MATCH('Goalie Card'!$A2,'G Ranks'!$A:$A,0)) -> 2.77 | F2: =INDEX('G Ranks'!E:E,MATCH('Goalie Card'!$A2,'G Ranks'!$A:$A,0)) -> 3.41 | G2: =INDEX('G Ranks'!F:F,MATCH('Goalie Card'!$A2,'G Ranks'!$A:$A,0)) -> 0 | H2: =INDEX('G Ranks'!G:G,MATCH('Goalie Card'!$A2,'G Ranks'!$A:$A,0)) -> -0.64 | I2: =INDEX('G Ranks'!H:H,MATCH('Goalie Card'!$A2,'G Ranks'!$A:$A,0)) -> 0.10843373 | J2: =INDEX('G Ranks'!I:I,MATCH('Goalie Card'!$A2,'G Ranks'!$A:$A,0)) -> 75 | K2: =INDEX('G Ranks'!J:J,MATCH('Goalie Card'!$A2,'G Ranks'!$A:$A,0)) -> 0 | L2: =INDEX('G Ranks'!K:K,MATCH('Goalie Card'!$A2,'G Ranks'!$A:$A,0)) -> 0.24096386 | M2: =INDEX('G Ranks'!L:L,MATCH('Goalie Card'!$A2,'G Ranks'!$A:$A,0)) -> 62 | N2: =INDEX('G Ranks'!M:M,MATCH('Goalie Card'!$A2,'G Ranks'!$A:$A,0)) -> 0 | O2: =INDEX('G Ranks'!N:N,MATCH('Goalie Card'!$A2,'G Ranks'!$A:$A,0)) -> 0.26506024 | P2: =INDEX('G Ranks'!O:O,MATCH('Goalie Card'!$A2,'G Ranks'!$A:$A,0)) -> 61 | Q2: =INDEX('G Ranks'!P:P,MATCH('Goalie Card'!$A2,'G Ranks'!$A:$A,0)) -> 0 | R2: =INDEX('G Ranks'!Q:Q,MATCH('Goalie Card'!$A2,'G Ranks'!$A:$A,0)) -> 0.56626506
B6: =B2 -> Jack Campbell | E6: =I2 -> 0.10843373 | G6: =C2 -> EDM | J6: =B2 -> Jack Campbell | M6: =I2 -> 0.10843373 | O6: Games
K7: =C2 -> EDM | M7: Impact Score | O7: =D2 -> 36
C9: Workload/Minute | E9: =L2 -> 0.24096386 | K9: =L2 -> 0.24096386 | M9: =O2 -> 0.26506024 | O9: =R2 -> 0.56626506
K10: Workload | M10: Goals Against | O10: Games Played
C11: Goals Against/Minute | E11: =O2 -> 0.26506024
M12: 2022-23 Season | Raw Data from NaturalStatTrick | Percentile Rank / Minute
C13: Games Played | E13: =R2 -> 0.56626506 | M13: @NextLevelStat
B15: 2022-23 Season | F15: Percentile Rank / Minute

Sheet Ranks for Cards and Graph
A1: Player | B1: Generation | C1: % Rank FF/60 | D1: % Rank HDCF/60 | E1: % Rank GF/60 | F1: % Rank xGF/60 | G1: Production | H1: % Rank Goals/60 | I1: % Rank Assists/60 | J1: % Rank First Assists/60 | K1: % Rank Points/60 | L1: Defense | M1: % Rank FA/60 | N1: % Rank HDCA/60 | O1: % Rank GA/60 | P1: % Rank xGA/60 | Q1: Rel Offense | R1: % Rank FF/60 Rel | S1: % Rank HDCF/60 Rel | T1: % Rank GF/60 Rel | U1: % Rank xGF/60 Rel | V1: Rel Defense | W1: % Rank FA/60 Rel | X1: % Rank HDCA/60 Rel | Y1: % Rank GA/60 Rel | Z1: % Rank xGA/60 Rel | AA1: Context | AB1: % Rank TOI/GP | AC1: % Rank Zone Start % | AD1: % Rank Shooting Luck | AE1: % Rank PDO | AF1: Percentages | AG1: % Rank FF% | AH1: % Rank HDCF% | AI1: % Rank GF% | AJ1: % Rank xGF% | AL1: % Rank Impact/Minute | AN1: Team | AO1: GP | AP1: % Rank Impact Score | AQ1: Rank Impact Score | AS1: Penalties | AT1: % Rank Clean Play/60 (Lower means more penalties) | AU1: % Rank Penalties Drawn/60
A2: A.J. Greer | B2: 0 | C2: 0.12445415 | D2: 0.45196507 | E2: 0.38209607 | F2: 0.3580786 | G2: 0 | H2: 0.20742358 | I2: 0.33842795 | J2: 0.34934498 | K2: 0.20524017 | L2: 0 | M2: 0.90611354 | N2: 0.8558952 | O2: 0.97816594 | P2: 0.95196507 | Q2: 0 | R2: 0.041484716 | S2: 0.23362445 | T2: 0.080786026 | U2: 0.25327511 | V2: 0 | W2: 0.94541485 | X2: 0.86462882 | Y2: 0.79912664 | Z2: 0.90174672 | AA2: 0 | AB2: 0.034934498 | AC2: 0.015283843 | AD2: 0.65938865 | AE2: 0.94759825 | AF2: 0 | AG2: 0.44978166 | AH2: 0.6768559 | AI2: 0.9279476 | AJ2: 0.74454148 | AL2: 0.44759825 | AN2: BOS | AO2: 61 | AP2: 0.32865731 | AQ2: 336 | AT2: 0.017467249 | AU2: 0.92139738
A3: Adam Erne | B3: 0 | C3: 0.024017467 | D3: 0.024017467 | E3: 0.12882096 | F3: 0.015283843 | G3: 0 | H3: 0.29694323 | I3: 0.25982533 | J3: 0.21615721 | K3: 0.18558952 | L3: 0 | M3: 0.34497817 | N3: 0.56768559 | O3: 0.22707424 | P3: 0.65502183 | Q3: 0 | R3: 0.080786026 | S3: 0.11572052 | T3: 0.23144105 | U3: 0.06768559 | V3: 0 | W3: 0.33187773 | X3: 0.82751092 | Y3: 0.29475983 | Z3: 0.79694323 | AA3: 0 | AB3: 0.36681223 | AC3: 0.65938865 | AD3: 0.43231441 | AE3: 0.18122271 | AF3: 0 | AG3: 0.054585153 | AH3: 0.056768559 | AI3: 0.07860262 | AJ3: 0.058951965 | AL3: 0.076419214 | AN3: DET | AO3: 61 | AP3: 0.16633267 | AQ3: 417 | AT3: 0.5349345 | AU3: 0.32969432
A4: Adam Henrique | B4: 0 | C4: 0.32751092 | D4: 0.57641921 | E4: 0.61790393 | F4: 0.5349345 | G4: 0 | H4: 0.89519651 | I4: 0.34716157 | J4: 0.1790393 | K4: 0.69650655 | L4: 0 | M4: 0.072052402 | N4: 0.074235808 | O4: 0.29039301 | P4: 0.065502183 | Q4: 0 | R4: 0.63100437 | S4: 0.85371179 | T4: 0.85152838 | U4: 0.86244541 | V4: 0 | W4: 0.93231441 | X4: 0.95414847 | Y4: 0.92576419 | Z4: 0.87336245 | AA4: 0 | AB4: 0.55895197 | AC4: 0.57860262 | AD4: 0.7489083 | AE4: 0.74672489 | AF4: 0 | AG4: 0.13100437 | AH4: 0.26200873 | AI4: 0.43668122 | AJ4: 0.23799127 | AL4: 0.50218341 | AN4: ANA | AO4: 62 | AP4: 0.57715431 | AQ4: 212 | AT4: 0.52838428 | AU4: 0.25764192
A5: Adam Lowry | B5: 0 | C5: 0.56331878 | D5: 0.83624454 | E5: 0.27729258 | F5: 0.84716157 | G5: 0 | H5: 0.36681223 | I5: 0.47598253 | J5: 0.36244541 | K5: 0.39956332 | L5: 0 | M5: 0.55895197 | N5: 0.68558952 | O5: 0.62663755 | P5: 0.67248908 | Q5: 0 | R5: 0.41703057 | S5: 0.86462882 | T5: 0.35152838 | U5: 0.81222707 | V5: 0 | W5: 0.40829694 | X5: 0.60480349 | Y5: 0.43668122 | Z5: 0.65502183 | AA5: 0 | AB5: 0.3558952 | AC5: 0.074235808 | AD5: 0.26637555 | AE5: 0.4279476 | AF5: 0 | AG5: 0.55676856 | AH5: 0.86026201 | AI5: 0.40174672 | AJ5: 0.84061135 | AL5: 0.65502183 | AN5: WPG | AO5: 82 | AP5: 0.62925852 | AQ5: 186 | AT5: 0.36681223 | AU5: 0.40829694
A6: Adam Ruzicka | B6: 0 | C6: 0.8558952 | D6: 0.27510917 | E6: 0.48471616 | F6: 0.59825328 | G6: 0 | H6: 0.34279476 | I6: 0.86681223 | J6: 0.84279476 | K6: 0.7139738 | L6: 0 | M6: 0.97379913 | N6: 0.87117904 | O6: 0.41703057 | P6: 0.95851528 | Q6: 0 | R6: 0.59170306 | S6: 0.37117904 | T6: 0.34279476 | U6: 0.42139738 | V6: 0 | W6: 0.75545852 | X6: 0.70305677 | Y6: 0.53275109 | Z6: 0.79257642 | AA6: 0 | AB6: 0.12008734 | AC6: 0.54803493 | AD6: 0.24235808 | AE6: 0.050218341 | AF6: 0 | AG6: 0.95414847 | AH6: 0.51528384 | AI6: 0.44104803 | AJ6: 0.88209607 | AL6: 0.90611354 | AN6: CGY | AO6: 44 | AP6: 0.68336673 | AQ6: 159 | AT6: 0.66593886 | AU6: 0.34497817
A7: Adrian Kempe | B7: 0 | C7: 0.6768559 | D7: 0.59825328 | E7: 0.62663755 | F7: 0.48034934 | G7: 0 | H7: 0.92358079 | I7: 0.21615721 | J7: 0.34934498 | K7: 0.63755459 | L7: 0 | M7: 0.87772926 | N7: 0.65502183 | O7: 0.84716157 | P7: 0.7510917 | Q7: 0 | R7: 0.51091703 | S7: 0.33406114 | T7: 0.62008734 | U7: 0.41048035 | V7: 0 | W7: 0.48034934 | X7: 0.32532751 | Y7: 0.86462882 | Z7: 0.39956332 | AA7: 0 | AB7: 0.76419214 | AC7: 0.38209607 | AD7: 0.55458515 | AE7: 0.68340611 | AF7: 0 | AG7: 0.8209607 | AH7: 0.63537118 | AI7: 0.85152838 | AJ7: 0.66157205 | AL7: 0.6768559 | AN7: L.A | AO7: 82 | AP7: 0.75350701 | AQ7: 124 | AT7: 0.27292576 | AU7: 0.46724891
A8: Aleksander Barkov | B8: 0 | C8: 0.90174672 | D8: 0.87772926 | E8: 0.92139738 | F8: 0.89737991 | G8: 0 | H8: 0.65938865 | I8: 0.93449782 | J8: 0.84934498 | K8: 0.89082969 | L8: 0 | M8: 0.62445415 | N8: 0.34497817 | O8: 0.4279476 | P8: 0.51310044 | Q8: 0 | R8: 0.60262009 | S8: 0.62882096 | T8: 0.75982533 | U8: 0.68558952 | V8: 0 | W8: 0.76419214 | X8: 0.61135371 | Y8: 0.26855895 | Z8: 0.63100437 | AA8: 0 | AB8: 0.76200873 | AC8: 0.37991266 | AD8: 0.81222707 | AE8: 0.68340611 | AF8: 0 | AG8: 0.89519651 | AH8: 0.75327511 | AI8: 0.81877729 | AJ8: 0.8580786 | AL8: 0.91048035 | AN8: FLA | AO8: 68 | AP8: 0.91583166 | AQ8: 43 | AT8: 0.94541485 | AU8: 0.43668122
A9: Alex Belzile | B9: 0 | C9: 0.037117904 | D9: 0.072052402 | E9: 0.88864629 | F9: 0.043668122 | G9: 0 | H9: 0.84061135 | I9: 0.87554585 | J9: 0.48034934 | K9: 0.93449782 | L9: 0 | M9: 0.25764192 | N9: 0.28384279 | O9: 0.082969432 | P9: 0.51310044 | Q9: 0 | R9: 0.32969432 | S9: 0.27947598 | T9: 0.87117904 | U9: 0.1419214 | V9: 0 | W9: 0.54803493 | X9: 0.80349345 | Y9: 0.25327511 | Z9: 0.8930131 | AA9: 0 | AB9: 0.27074236 | AC9: 0.26637555 | AD9: 0.99781659 | AE9: 0.91921397 | AF9: 0 | AG9: 0.065502183 | AH9: 0.093886463 | AI9: 0.48471616 | AJ9: 0.098253275 | AL9: 0.32751092 | AN9: MTL | AO9: 31 | AP9: 0.35671343 | AQ9: 322 | AT9: 0.36899563 | AU9: 0.82751092
A10: Alex DeBrincat | B10: 0 | C10: 0.73580786 | D10: 0.65938865 | E10: 0.32532751 | F10: 0.67030568 | G10: 0 | H10: 0.44323144 | I10: 0.53056769 | J10: 0.72925764 | K10: 0.48908297 | L10: 0 | M10: 0.33842795 | N10: 0.24017467 | O10: 0.20524017 | P10: 0.25327511 | Q10: 0 | R10: 0.50873362 | S10: 0.49781659 | T10: 0.42358079 | U10: 0.48471616 | V10: 0 | W10: 0.23144105 | X10: 0.11572052 | Y10: 0.23580786 | Z10: 0.16375546 | AA10: 0 | AB10: 0.86462882 | AC10: 0.82532751 | AD10: 0.17467249 | AE10: 0.11790393 | AF10: 0 | AG10: 0.60480349 | AH10: 0.45196507 | AI10: 0.19868996 | AJ10: 0.48689956 | AL10: 0.40829694 | AN10: OTT | AO10: 82 | AP10: 0.56312625 | AQ10: 219 | AT10: 0.68995633 | AU10: 0.61790393
A11: Alex Iafallo | B11: 0 | C11: 0.81004367 | D11: 0.74235808 | E11: 0.57860262 | F11: 0.70960699 | G11: 0 | H11: 0.27510917 | I11: 0.89519651 | J11: 0.83406114 | K11: 0.74454148 | L11: 0 | M11: 0.86462882 | N11: 0.61135371 | O11: 0.87554585 | P11: 0.79912664 | Q11: 0 | R11: 0.67030568 | S11: 0.57423581 | T11: 0.51965066 | U11: 0.68558952 | V11: 0 | W11: 0.43231441 | X11: 0.21834061 | Y11: 0.81222707 | Z11: 0.5349345 | AA11: 0 | AB11: 0.52838428 | AC11: 0.4279476 | AD11: 0.42576419 | AE11: 0.64628821 | AF11: 0 | AG11: 0.87117904 | AH11: 0.7489083 | AI11: 0.85371179 | AJ11: 0.81222707 | AL11: 0.86899563 | AN11: L.A | AO11: 59 | AP11: 0.82364729 | AQ11: 89 | AT11: 0.55458515 | AU11: 0.23144105
A12: Alex Killorn | B12: 0 | C12: 0.39956332 | D12: 0.73799127 | E12: 0.89519651 | F12: 0.56550218 | G12: 0 | H12: 0.86026201 | I12: 0.81222707 | J12: 0.61790393 | K12: 0.90611354 | L12: 0 | M12: 0.44978166 | N12: 0.39956332 | O12: 0.54803493 | P12: 0.31441048 | Q12: 0 | R12: 0.18995633 | S12: 0.27510917 | T12: 0.91048035 | U12: 0.30567686 | V12: 0 | W12: 0.34716157 | X12: 0.26855895 | Y12: 0.51965066 | Z12: 0.2489083 | AA12: 0 | AB12: 0.56768559 | AC12: 0.27292576 | AD12: 0.9628821 | AE12: 0.94323144 | AF12: 0 | AG12: 0.42139738 | AH12: 0.62227074 | AI12: 0.84934498 | AJ12: 0.43449782 | AL12: 0.45633188 | AN12: T.B | AO12: 82 | AP12: 0.52104208 | AQ12: 240 | AT12: 0.33624454 | AU12: 0.51310044
A13: Alex Newhook | B13: 0 | C13: 0.3231441 | D13: 0.29694323 | E13: 0.51965066 | F13: 0.33187773 | G13: 0 | H13: 0.50218341 | I13: 0.47598253 | J13: 0.41048035 | K13: 0.47816594 | L13: 0 | M13: 0.74454148 | N13: 0.67030568 | O13: 0.65065502 | P13: 0.71834061 | Q13: 0 | R13: 0.12445415 | S13: 0.30131004 | T13: 0.5 | U13: 0.29257642 | V13: 0 | W13: 0.74017467 | X13: 0.66157205 | Y13: 0.41484716 | Z13: 0.5349345 | AA13: 0 | AB13: 0.49781659 | AC13: 0.3558952 | AD13: 0.54585153 | AE13: 0.6069869 | AF13: 0 | AG13: 0.50436681 | AH13: 0.41703057 | AI13: 0.63537118 | AJ13: 0.50436681 | AL13: 0.43668122 | AN13: COL | AO13: 82 | AP13: 0.498998 | AQ13: 251 | AT13: 0.55458515 | AU13: 0.061135371
... A713: Zach Whitecloud | B713: 0 | C713: 0.13654618 | D713: 0.25702811 | E713: 0.6064257 | F713: 0.20883534 | G713: 0 | H713: 0.85140562 | I713: 0.22891566 | J713: 0.42971888 | K713: 0.4497992 | L713: 0 | M713: 0.24497992 | N713: 0.63052209 | O713: 0.75502008 | P713: 0.41365462 | Q713: 0 | R713: 0.096385542 | S713: 0.044176707 | T713: 0.31325301 | U713: 0.052208835 | V713: 0 | W713: 0.30522088 | X713: 0.54618474 | Y713: 0.48594378 | Z713: 0.37349398 | AA713: 0 | AB713: 0.437751 | AC713: 0.064257028 | AD713: 0.8875502 | AE713: 0.92369478 | AF713: 0 | AG713: 0.16465863 | AH713: 0.39759036 | AI713: 0.76706827 | AJ713: 0.26506024 | AL713: 0.12851406 | AN713: VGK | AO713: 59 | AP713: 0.30666667 | AQ713: 209 | AT713: 0.38955823 | AU713: 0.42971888

Sheet G Ranks
A1: ='[1]G On Ice'!B1 -> Player | B1: ='[1]G On Ice'!C1 -> Team | C1: ='[1]G On Ice'!E1 -> GP | D1: ='[1]G On Ice'!U1 -> xGA/60 | E1: ='[1]G On Ice'!R1 -> GA/60 | G1: =D1-E1 -> #VALUE! | H1: =_xlfn.RANK.EQ(V1,$V$2:$V$100,)/COUNT($V$2:$V$100) -> #VALUE! | I1: =RANK(H1,$H$2:$H$100) -> #VALUE! | K1: =_xlfn.RANK.EQ(D1,$D$2:$D$100,1)/COUNT($D$2:$D$100) -> #VALUE! | L1: =RANK(K1,$K$2:$K$100) -> #VALUE! | N1: =_xlfn.RANK.EQ(E1,$E$2:$E$100,0)/COUNT($E$2:$E$100) -> #VALUE! | O1: =RANK(N1,$N$2:$N$100) -> #VALUE! | Q1: =_xlfn.RANK.EQ(C1,$C$2:$C$100,1)/COUNT($C$2:$C$100) -> #VALUE! | S1: ='[1]G On Ice'!AG1 -> On-Ice SV% | T1: =RANK(S1,$S$2:$S$100) -> #VALUE! | U1: =RANK(G1,$G$2:$G$100) -> #VALUE! | V1: =SUM(T1:U1) -> #VALUE!
A2: Adin Hill | B2: VGK | C2: 27 | D2: 2.66 | E2: 2.5 | G2: 0.16 | H2: 0.73493976 | I2: 23 | K2: 0.14457831 | L2: 71 | N2: 0.81927711 | O2: 16 | Q2: 0.42168675 | S2: 91.41 | T2: 19 | U2: 28 | V2: 47
A3: Akira Schmid | B3: N.J | C3: 18 | D3: 2.6 | E3: 2.13 | G3: 0.47 | H3: 0.91566265 | I3: 8 | K3: 0.072289157 | L3: 78 | N3: 0.97590361 | O3: 3 | Q3: 0.18072289 | S3: 92.16 | T3: 6 | U3: 10 | V3: 16
A4: Alex Lyon | B4: FLA | C4: 15 | D4: 3.47 | E4: 2.89 | G4: 0.58 | H4: 0.84337349 | I4: 14 | K4: 0.93975904 | L4: 6 | N4: 0.59036145 | O4: 35 | Q4: 0.10843373 | S4: 91.21 | T4: 23 | U4: 5 | V4: 28
A5: Alex Nedeljkovic | B5: DET | C5: 15 | D5: 2.98 | E5: 3.53 | G5: -0.55 | H5: 0.22891566 | I5: 65 | K5: 0.4939759 | L5: 42 | N5: 0.20481928 | O5: 67 | Q5: 0.10843373 | S5: 89.48 | T5: 56 | U5: 73 | V5: 129
A6: Alex Stalock | B6: CHI | C6: 27 | D6: 2.85 | E6: 3.01 | G6: -0.16 | H6: 0.5060241 | I6: 42 | K6: 0.37349398 | L6: 53 | N6: 0.48192771 | O6: 43 | Q6: 0.42168675 | S6: 90.8 | T6: 30 | U6: 53 | V6: 83
A7: Alexandar Georgiev | B7: COL | C7: 62 | D7: 2.82 | E7: 2.53 | G7: 0.29 | H7: 0.81927711 | I7: 16 | K7: 0.31325301 | L7: 56 | N7: 0.80722892 | O7: 17 | Q7: 0.95180723 | S7: 91.81 | T7: 12 | U7: 19 | V7: 31
A8: Andrei Vasilevskiy | B8: T.B | C8: 60 | D8: 2.98 | E8: 2.65 | G8: 0.33 | H8: 0.8313253 | I8: 15 | K8: 0.4939759 | L8: 42 | N8: 0.75903614 | O8: 20 | Q8: 0.92771084 | S8: 91.52 | T8: 16 | U8: 14 | V8: 30
A9: Anthony Stolarz | B9: ANA | C9: 19 | D9: 3.79 | E9: 3.73 | G9: 0.06 | H9: 0.44578313 | I9: 46 | K9: 0.98795181 | L9: 2 | N9: 0.12048193 | O9: 74 | Q9: 0.20481928 | S9: 89.7 | T9: 54 | U9: 35 | V9: 89
A10: Anton Forsberg | B10: OTT | C10: 28 | D10: 3.34 | E10: 3.26 | G10: 0.08 | H10: 0.54216867 | I10: 38 | K10: 0.86746988 | L10: 12 | N10: 0.34939759 | O10: 55 | Q10: 0.48192771 | S10: 90.21 | T10: 41 | U10: 34 | V10: 75
A11: Antti Raanta | B11: CAR | C11: 27 | D11: 2.34 | E11: 2.23 | G11: 0.11 | H11: 0.68674699 | I11: 27 | K11: 0.012048193 | L11: 83 | N11: 0.93975904 | O11: 6 | Q11: 0.42168675 | S11: 90.99 | T11: 26 | U11: 29 | V11: 55
A12: Arvid Soderblom | B12: CHI | C12: 15 | D12: 3.05 | E12: 3.45 | G12: -0.4 | H12: 0.24096386 | I12: 63 | K12: 0.61445783 | L12: 30 | N12: 0.22891566 | O12: 65 | Q12: 0.10843373 | S12: 89.4 | T12: 60 | U12: 68 | V12: 128
A13: Brian Elliott | B13: T.B | C13: 22 | D13: 3.05 | E13: 3.4 | G13: -0.35 | H13: 0.21686747 | I13: 66 | K13: 0.61445783 | L13: 30 | N13: 0.28915663 | O13: 60 | Q13: 0.3373494 | S13: 89.11 | T13: 67 | U13: 64 | V13: 131
... A84: Vitek Vanecek | B84: N.J | C84: 52 | D84: 2.64 | E84: 2.45 | G84: 0.19 | H84: 0.72289157 | I84: 24 | K84: 0.12048193 | L84: 74 | N84: 0.86746988 | O84: 12 | Q84: 0.84337349 | S84: 91.07 | T84: 25 | U84: 25 | V84: 50
